log10_Lx_erg_s^-1,p_I_given_Lx
41.0,0.008595988538681931
41.0,0.005730659025787954
41.0,0.002865329512893977
41.0,0.0
41.01139601139601,0.005730659025787954
41.01139601139601,0.002865329512893977
41.01139601139601,0.008595988538681931
41.01139601139601,0.0
41.022792022792025,0.002865329512893977
41.022792022792025,0.0
41.022792022792025,0.008595988538681931
41.022792022792025,0.005730659025787954
41.034188034188034,0.002865329512893977
41.034188034188034,0.008595988538681931
41.034188034188034,0.0
41.034188034188034,0.005730659025787954
41.04558404558404,0.0
41.04558404558404,0.008595988538681931
41.04558404558404,0.002865329512893977
41.04558404558404,0.005730659025787954
41.05698005698006,0.0
41.05698005698006,0.008595988538681931
41.05698005698006,0.002865329512893977
41.05698005698006,0.005730659025787954
41.06837606837607,0.002865329512893977
41.06837606837607,0.0
41.06837606837607,0.008595988538681931
41.06837606837607,0.005730659025787954
41.07977207977208,0.008595988538681931
41.07977207977208,0.005730659025787954
41.07977207977208,0.002865329512893977
41.07977207977208,0.0
41.09116809116809,0.002865329512893977
41.09116809116809,0.008595988538681931
41.09116809116809,0.005730659025787954
41.09116809116809,0.0
41.1025641025641,0.008595988538681931
41.1025641025641,0.002865329512893977
41.1025641025641,0.0
41.1025641025641,0.005730659025787954
41.11396011396011,0.005730659025787954
41.11396011396011,0.002865329512893977
41.11396011396011,0.008595988538681931
41.11396011396011,0.0
41.12535612535613,0.008595988538681931
41.12535612535613,0.0
41.12535612535613,0.005730659025787954
41.12535612535613,0.002865329512893977
41.136752136752136,0.0
41.136752136752136,0.005730659025787954
41.136752136752136,0.008595988538681931
41.136752136752136,0.002865329512893977
41.148148148148145,0.008595988538681931
41.148148148148145,0.005730659025787954
41.148148148148145,0.0
41.148148148148145,0.002865329512893977
41.15954415954416,0.005730659025787954
41.15954415954416,0.008595988538681931
41.15954415954416,0.002865329512893977
41.15954415954416,0.0
41.17094017094017,0.002865329512893977
41.17094017094017,0.008595988538681931
41.17094017094017,0.0
41.17094017094017,0.005730659025787954
41.18233618233618,0.008595988538681931
41.18233618233618,0.0
41.18233618233618,0.002865329512893977
41.18233618233618,0.005730659025787954
41.193732193732195,0.008595988538681931
41.193732193732195,0.0
41.193732193732195,0.002865329512893977
41.193732193732195,0.005730659025787954
41.205128205128204,0.0
41.205128205128204,0.002865329512893977
41.205128205128204,0.008595988538681931
41.205128205128204,0.005730659025787954
41.21652421652421,0.0
41.21652421652421,0.002865329512893977
41.21652421652421,0.005730659025787954
41.21652421652421,0.008595988538681931
41.22792022792023,0.008595988538681931
41.22792022792023,0.002865329512893977
41.22792022792023,0.0
41.22792022792023,0.005730659025787954
41.23931623931624,0.008595988538681931
41.23931623931624,0.005730659025787954
41.23931623931624,0.0
41.23931623931624,0.002865329512893977
41.25071225071225,0.002865329512893977
41.25071225071225,0.005730659025787954
41.25071225071225,0.0
41.25071225071225,0.008595988538681931
41.26210826210826,0.008595988538681931
41.26210826210826,0.005730659025787954
41.26210826210826,0.0
41.26210826210826,0.002865329512893977
41.27350427350427,0.005730659025787954
41.27350427350427,0.0
41.27350427350427,0.002865329512893977
41.27350427350427,0.008595988538681931
41.28490028490028,0.005730659025787954
41.28490028490028,0.002865329512893977
41.28490028490028,0.008595988538681931
41.28490028490028,0.0
41.2962962962963,0.008595988538681931
41.2962962962963,0.005730659025787954
41.2962962962963,0.0
41.2962962962963,0.002865329512893977
41.30769230769231,0.008595988538681931
41.30769230769231,0.002865329512893977
41.30769230769231,0.005730659025787954
41.30769230769231,0.0
41.319088319088316,0.008595988538681931
41.319088319088316,0.0
41.319088319088316,0.005730659025787954
41.319088319088316,0.002865329512893977
41.33048433048433,0.002865329512893977
41.33048433048433,0.005730659025787954
41.33048433048433,0.0
41.33048433048433,0.008595988538681931
41.34188034188034,0.0
41.34188034188034,0.008595988538681931
41.34188034188034,0.002865329512893977
41.34188034188034,0.005730659025787954
41.35327635327636,0.002865329512893977
41.35327635327636,0.008595988538681931
41.35327635327636,0.0
41.35327635327636,0.005730659025787954
41.364672364672366,0.002865329512893977
41.364672364672366,0.0
41.364672364672366,0.005730659025787954
41.364672364672366,0.008595988538681931
41.376068376068375,0.0
41.376068376068375,0.005730659025787954
41.376068376068375,0.002865329512893977
41.376068376068375,0.008595988538681931
41.38746438746439,0.0
41.38746438746439,0.005730659025787954
41.38746438746439,0.008595988538681931
41.38746438746439,0.002865329512893977
41.3988603988604,0.002865329512893977
41.3988603988604,0.0
41.3988603988604,0.008595988538681931
41.3988603988604,0.005730659025787954
41.41025641025641,0.0
41.41025641025641,0.002865329512893977
41.41025641025641,0.008595988538681931
41.41025641025641,0.005730659025787954
41.421652421652425,0.002865329512893977
41.421652421652425,0.008595988538681931
41.421652421652425,0.005730659025787954
41.421652421652425,0.0
41.433048433048434,0.002865329512893977
41.433048433048434,0.008595988538681931
41.433048433048434,0.0
41.433048433048434,0.005730659025787954
41.44444444444444,0.005730659025787954
41.44444444444444,0.002865329512893977
41.44444444444444,0.0
41.44444444444444,0.008595988538681931
41.45584045584046,0.0
41.45584045584046,0.005730659025787954
41.45584045584046,0.008595988538681931
41.45584045584046,0.002865329512893977
41.46723646723647,0.002865329512893977
41.46723646723647,0.005730659025787954
41.46723646723647,0.008595988538681931
41.46723646723647,0.0
41.47863247863248,0.0
41.47863247863248,0.008595988538681931
41.47863247863248,0.002865329512893977
41.47863247863248,0.005730659025787954
41.49002849002849,0.005730659025787954
41.49002849002849,0.002865329512893977
41.49002849002849,0.008595988538681931
41.49002849002849,0.0
41.5014245014245,0.0
41.5014245014245,0.002865329512893977
41.5014245014245,0.008595988538681931
41.5014245014245,0.005730659025787954
41.51282051282051,0.002865329512893977
41.51282051282051,0.0
41.51282051282051,0.008595988538681931
41.51282051282051,0.005730659025787954
41.52421652421653,0.002865329512893977
41.52421652421653,0.0
41.52421652421653,0.008595988538681931
41.52421652421653,0.005730659025787954
41.535612535612536,0.002865329512893977
41.535612535612536,0.008595988538681931
41.535612535612536,0.005730659025787954
41.535612535612536,0.0
41.547008547008545,0.008595988538681931
41.547008547008545,0.002865329512893977
41.547008547008545,0.005730659025787954
41.547008547008545,0.0
41.55840455840456,0.005730659025787954
41.55840455840456,0.002865329512893977
41.55840455840456,0.008595988538681931
41.55840455840456,0.0
41.56980056980057,0.008595988538681931
41.56980056980057,0.002865329512893977
41.56980056980057,0.005730659025787954
41.56980056980057,0.0
41.58119658119658,0.008595988538681931
41.58119658119658,0.0
41.58119658119658,0.005730659025787954
41.58119658119658,0.002865329512893977
41.592592592592595,0.0
41.592592592592595,0.008595988538681931
41.592592592592595,0.005730659025787954
41.592592592592595,0.002865329512893977
41.603988603988604,0.002865329512893977
41.603988603988604,0.005730659025787954
41.603988603988604,0.008595988538681931
41.603988603988604,0.0
41.61538461538461,0.002865329512893977
41.61538461538461,0.008595988538681931
41.61538461538461,0.005730659025787954
41.61538461538461,0.0
41.62678062678063,0.005730659025787954
41.62678062678063,0.0
41.62678062678063,0.008595988538681931
41.62678062678063,0.002865329512893977
41.63817663817664,0.002865329512893977
41.63817663817664,0.005730659025787954
41.63817663817664,0.0
41.63817663817664,0.008595988538681931
41.64957264957265,0.008595988538681931
41.64957264957265,0.0
41.64957264957265,0.002865329512893977
41.64957264957265,0.005730659025787954
41.66096866096866,0.008595988538681931
41.66096866096866,0.005730659025787954
41.66096866096866,0.0
41.66096866096866,0.002865329512893977
41.67236467236467,0.0
41.67236467236467,0.008595988538681931
41.67236467236467,0.005730659025787954
41.67236467236467,0.002865329512893977
41.68376068376068,0.008595988538681931
41.68376068376068,0.0
41.68376068376068,0.002865329512893977
41.68376068376068,0.005730659025787954
41.6951566951567,0.002865329512893977
41.6951566951567,0.008595988538681931
41.6951566951567,0.0
41.6951566951567,0.005730659025787954
41.706552706552706,0.005730659025787954
41.706552706552706,0.008595988538681931
41.706552706552706,0.002865329512893977
41.706552706552706,0.0
41.717948717948715,0.008595988538681931
41.717948717948715,0.002865329512893977
41.717948717948715,0.005730659025787954
41.717948717948715,0.0
41.72934472934473,0.0
41.72934472934473,0.005730659025787954
41.72934472934473,0.002865329512893977
41.72934472934473,0.008595988538681931
41.74074074074074,0.002865329512893977
41.74074074074074,0.008595988538681931
41.74074074074074,0.005730659025787954
41.74074074074074,0.0
41.75213675213675,0.005730659025787954
41.75213675213675,0.002865329512893977
41.75213675213675,0.008595988538681931
41.75213675213675,0.0
41.763532763532766,0.005730659025787954
41.763532763532766,0.002865329512893977
41.763532763532766,0.008595988538681931
41.763532763532766,0.0
41.774928774928775,0.002865329512893977
41.774928774928775,0.0
41.774928774928775,0.005730659025787954
41.774928774928775,0.008595988538681931
41.78632478632478,0.0
41.78632478632478,0.005730659025787954
41.78632478632478,0.002865329512893977
41.78632478632478,0.008595988538681931
41.7977207977208,0.0
41.7977207977208,0.005730659025787954
41.7977207977208,0.002865329512893977
41.7977207977208,0.008595988538681931
41.80911680911681,0.008595988538681931
41.80911680911681,0.005730659025787954
41.80911680911681,0.0
41.80911680911681,0.002865329512893977
41.82051282051282,0.005730659025787954
41.82051282051282,0.002865329512893977
41.82051282051282,0.0
41.82051282051282,0.008595988538681931
41.831908831908834,0.008595988538681931
41.831908831908834,0.0
41.831908831908834,0.002865329512893977
41.831908831908834,0.005730659025787954
41.84330484330484,0.005730659025787954
41.84330484330484,0.002865329512893977
41.84330484330484,0.008595988538681931
41.84330484330484,0.0
41.85470085470085,0.0
41.85470085470085,0.002865329512893977
41.85470085470085,0.008595988538681931
41.85470085470085,0.005730659025787954
41.86609686609687,0.002865329512893977
41.86609686609687,0.008595988538681931
41.86609686609687,0.005730659025787954
41.86609686609687,0.0
41.87749287749288,0.008595988538681931
41.87749287749288,0.002865329512893977
41.87749287749288,0.005730659025787954
41.87749287749288,0.0
41.888888888888886,0.005730659025787954
41.888888888888886,0.0
41.888888888888886,0.008595988538681931
41.888888888888886,0.002865329512893977
41.9002849002849,0.0
41.9002849002849,0.008595988538681931
41.9002849002849,0.002865329512893977
41.9002849002849,0.005730659025787954
41.91168091168091,0.0
41.91168091168091,0.008595988538681931
41.91168091168091,0.002865329512893977
41.91168091168091,0.005730659025787954
41.92307692307692,0.0
41.92307692307692,0.002865329512893977
41.92307692307692,0.005730659025787954
41.92307692307692,0.008595988538681931
41.934472934472936,0.008595988538681931
41.934472934472936,0.005730659025787954
41.934472934472936,0.002865329512893977
41.934472934472936,0.0
41.945868945868945,0.008595988538681931
41.945868945868945,0.0
41.945868945868945,0.002865329512893977
41.945868945868945,0.005730659025787954
41.957264957264954,0.008595988538681931
41.957264957264954,0.0
41.957264957264954,0.005730659025787954
41.957264957264954,0.002865329512893977
41.96866096866097,0.0
41.96866096866097,0.005730659025787954
41.96866096866097,0.002865329512893977
41.96866096866097,0.008595988538681931
41.98005698005698,0.0
41.98005698005698,0.005730659025787954
41.98005698005698,0.008595988538681931
41.98005698005698,0.002865329512893977
41.99145299145299,0.008595988538681931
41.99145299145299,0.005730659025787954
41.99145299145299,0.002865329512893977
41.99145299145299,0.0
42.002849002849004,0.008595988538681931
42.002849002849004,0.002865329512893977
42.002849002849004,0.005730659025787954
42.002849002849004,0.0
42.01424501424501,0.008595988538681931
42.01424501424501,0.005730659025787954
42.01424501424501,0.002865329512893977
42.01424501424501,0.0
42.02564102564102,0.0
42.02564102564102,0.002865329512893977
42.02564102564102,0.005730659025787954
42.02564102564102,0.008595988538681931
42.03703703703704,0.005730659025787954
42.03703703703704,0.0
42.03703703703704,0.002865329512893977
42.03703703703704,0.008595988538681931
42.04843304843305,0.002865329512893977
42.04843304843305,0.0
42.04843304843305,0.005730659025787954
42.04843304843305,0.008595988538681931
42.05982905982906,0.008595988538681931
42.05982905982906,0.0
42.05982905982906,0.005730659025787954
42.05982905982906,0.002865329512893977
42.07122507122507,0.005730659025787954
42.07122507122507,0.0
42.07122507122507,0.008595988538681931
42.07122507122507,0.002865329512893977
42.08262108262108,0.0
42.08262108262108,0.002865329512893977
42.08262108262108,0.008595988538681931
42.08262108262108,0.005730659025787954
42.0940170940171,0.002865329512893977
42.0940170940171,0.0
42.0940170940171,0.008595988538681931
42.0940170940171,0.005730659025787954
42.105413105413106,0.008595988538681931
42.105413105413106,0.0
42.105413105413106,0.005730659025787954
42.105413105413106,0.002865329512893977
42.116809116809115,0.005730659025787954
42.116809116809115,0.008595988538681931
42.116809116809115,0.002865329512893977
42.116809116809115,0.0
42.12820512820513,0.002865329512893977
42.12820512820513,0.005730659025787954
42.12820512820513,0.0
42.12820512820513,0.008595988538681931
42.13960113960114,0.0
42.13960113960114,0.005730659025787954
42.13960113960114,0.008595988538681931
42.13960113960114,0.002865329512893977
42.15099715099715,0.0
42.15099715099715,0.005730659025787954
42.15099715099715,0.008595988538681931
42.15099715099715,0.002865329512893977
42.162393162393165,0.002865329512893977
42.162393162393165,0.008595988538681931
42.162393162393165,0.0
42.162393162393165,0.005730659025787954
42.173789173789174,0.008595988538681931
42.173789173789174,0.002865329512893977
42.173789173789174,0.005730659025787954
42.173789173789174,0.0
42.18518518518518,0.005730659025787954
42.18518518518518,0.008595988538681931
42.18518518518518,0.002865329512893977
42.18518518518518,0.0
42.1965811965812,0.005730659025787954
42.1965811965812,0.008595988538681931
42.1965811965812,0.002865329512893977
42.1965811965812,0.0
42.20797720797721,0.008595988538681931
42.20797720797721,0.005730659025787954
42.20797720797721,0.0
42.20797720797721,0.002865329512893977
42.21937321937322,0.005730659025787954
42.21937321937322,0.008595988538681931
42.21937321937322,0.002865329512893977
42.21937321937322,0.0
42.23076923076923,0.002865329512893977
42.23076923076923,0.0
42.23076923076923,0.008595988538681931
42.23076923076923,0.005730659025787954
42.24216524216524,0.002865329512893977
42.24216524216524,0.0
42.24216524216524,0.008595988538681931
42.24216524216524,0.005730659025787954
42.25356125356125,0.002865329512893977
42.25356125356125,0.0
42.25356125356125,0.005730659025787954
42.25356125356125,0.008595988538681931
42.26495726495727,0.005730659025787954
42.26495726495727,0.002865329512893977
42.26495726495727,0.008595988538681931
42.26495726495727,0.0
42.27635327635328,0.0
42.27635327635328,0.005730659025787954
42.27635327635328,0.002865329512893977
42.27635327635328,0.008595988538681931
42.287749287749286,0.008595988538681931
42.287749287749286,0.0
42.287749287749286,0.002865329512893977
42.287749287749286,0.005730659025787954
42.2991452991453,0.0
42.2991452991453,0.005730659025787954
42.2991452991453,0.008595988538681931
42.2991452991453,0.002865329512893977
42.31054131054131,0.008595988538681931
42.31054131054131,0.005730659025787954
42.31054131054131,0.0
42.31054131054131,0.002865329512893977
42.32193732193732,0.005730659025787954
42.32193732193732,0.002865329512893977
42.32193732193732,0.0
42.32193732193732,0.008595988538681931
42.333333333333336,0.002865329512893977
42.333333333333336,0.005730659025787954
42.333333333333336,0.008595988538681931
42.333333333333336,0.0
42.344729344729345,0.002865329512893977
42.344729344729345,0.005730659025787954
42.344729344729345,0.008595988538681931
42.344729344729345,0.0
42.356125356125354,0.0
42.356125356125354,0.005730659025787954
42.356125356125354,0.008595988538681931
42.356125356125354,0.002865329512893977
42.36752136752137,0.002865329512893977
42.36752136752137,0.005730659025787954
42.36752136752137,0.008595988538681931
42.37891737891738,0.005730659025787954
42.37891737891738,0.008595988538681931
42.37891737891738,0.002865329512893977
42.39031339031339,0.008595988538681931
42.39031339031339,0.005730659025787954
42.39031339031339,0.002865329512893977
42.401709401709404,0.008595988538681931
42.401709401709404,0.005730659025787954
42.401709401709404,0.002865329512893977
42.41310541310541,0.008595988538681931
42.41310541310541,0.002865329512893977
42.41310541310541,0.005730659025787954
42.42450142450142,0.008595988538681931
42.42450142450142,0.002865329512893977
42.42450142450142,0.005730659025787954
42.43589743589744,0.005730659025787954
42.43589743589744,0.002865329512893977
42.43589743589744,0.008595988538681931
42.44729344729345,0.002865329512893977
42.44729344729345,0.005730659025787954
42.44729344729345,0.008595988538681931
42.458689458689456,0.008595988538681931
42.458689458689456,0.002865329512893977
42.458689458689456,0.005730659025787954
42.47008547008547,0.008595988538681931
42.47008547008547,0.002865329512893977
42.47008547008547,0.005730659025787954
42.48148148148148,0.008595988538681931
42.48148148148148,0.002865329512893977
42.48148148148148,0.005730659025787954
42.49287749287749,0.008595988538681931
42.49287749287749,0.005730659025787954
42.49287749287749,0.002865329512893977
42.504273504273506,0.008595988538681931
42.504273504273506,0.005730659025787954
42.504273504273506,0.002865329512893977
42.515669515669515,0.008595988538681931
42.515669515669515,0.002865329512893977
42.515669515669515,0.005730659025787954
42.515669515669515,0.011461318051575908
42.527065527065524,0.011461318051575908
42.527065527065524,0.002865329512893977
42.527065527065524,0.005730659025787954
42.527065527065524,0.008595988538681931
42.53846153846154,0.008595988538681931
42.53846153846154,0.002865329512893977
42.53846153846154,0.011461318051575908
42.53846153846154,0.005730659025787954
42.54985754985755,0.002865329512893977
42.54985754985755,0.008595988538681931
42.54985754985755,0.005730659025787954
42.54985754985755,0.011461318051575908
42.56125356125356,0.005730659025787954
42.56125356125356,0.002865329512893977
42.56125356125356,0.011461318051575908
42.56125356125356,0.008595988538681931
42.572649572649574,0.002865329512893977
42.572649572649574,0.011461318051575908
42.572649572649574,0.008595988538681931
42.572649572649574,0.005730659025787954
42.58404558404558,0.002865329512893977
42.58404558404558,0.005730659025787954
42.58404558404558,0.008595988538681931
42.58404558404558,0.011461318051575908
42.59544159544159,0.008595988538681931
42.59544159544159,0.011461318051575908
42.59544159544159,0.005730659025787954
42.60683760683761,0.011461318051575908
42.60683760683761,0.005730659025787954
42.60683760683761,0.008595988538681931
42.61823361823362,0.011461318051575908
42.61823361823362,0.005730659025787954
42.61823361823362,0.008595988538681931
42.629629629629626,0.014326647564469885
42.629629629629626,0.011461318051575908
42.629629629629626,0.005730659025787954
42.629629629629626,0.008595988538681931
42.64102564102564,0.011461318051575908
42.64102564102564,0.008595988538681931
42.64102564102564,0.005730659025787954
42.64102564102564,0.014326647564469885
42.65242165242165,0.005730659025787954
42.65242165242165,0.011461318051575908
42.65242165242165,0.008595988538681931
42.65242165242165,0.014326647564469885
42.66381766381767,0.008595988538681931
42.66381766381767,0.014326647564469885
42.66381766381767,0.005730659025787954
42.66381766381767,0.011461318051575908
42.675213675213676,0.011461318051575908
42.675213675213676,0.008595988538681931
42.675213675213676,0.014326647564469885
42.686609686609685,0.011461318051575908
42.686609686609685,0.014326647564469885
42.686609686609685,0.008595988538681931
42.6980056980057,0.014326647564469885
42.6980056980057,0.017191977077363862
42.6980056980057,0.011461318051575908
42.6980056980057,0.008595988538681931
42.70940170940171,0.011461318051575908
42.70940170940171,0.014326647564469885
42.70940170940171,0.017191977077363862
42.70940170940171,0.008595988538681931
42.72079772079772,0.017191977077363862
42.72079772079772,0.008595988538681931
42.72079772079772,0.011461318051575908
42.72079772079772,0.014326647564469885
42.732193732193736,0.017191977077363862
42.732193732193736,0.011461318051575908
42.732193732193736,0.014326647564469885
42.743589743589745,0.014326647564469885
42.743589743589745,0.02005730659025784
42.743589743589745,0.011461318051575908
42.743589743589745,0.017191977077363862
42.75498575498575,0.014326647564469885
42.75498575498575,0.011461318051575908
42.75498575498575,0.02005730659025784
42.75498575498575,0.017191977077363862
42.76638176638177,0.02005730659025784
42.76638176638177,0.014326647564469885
42.76638176638177,0.017191977077363862
42.77777777777778,0.017191977077363862
42.77777777777778,0.014326647564469885
42.77777777777778,0.022922636103151817
42.77777777777778,0.02005730659025784
42.78917378917379,0.014326647564469885
42.78917378917379,0.017191977077363862
42.78917378917379,0.022922636103151817
42.78917378917379,0.02005730659025784
42.800569800569804,0.022922636103151817
42.800569800569804,0.017191977077363862
42.800569800569804,0.025787965616045794
42.800569800569804,0.02005730659025784
42.81196581196581,0.025787965616045794
42.81196581196581,0.017191977077363862
42.81196581196581,0.02005730659025784
42.81196581196581,0.022922636103151817
42.82336182336182,0.017191977077363862
42.82336182336182,0.025787965616045794
42.82336182336182,0.022922636103151817
42.82336182336182,0.02005730659025784
42.83475783475784,0.025787965616045794
42.83475783475784,0.022922636103151817
42.83475783475784,0.02005730659025784
42.83475783475784,0.028653295128939882
42.84615384615385,0.025787965616045794
42.84615384615385,0.022922636103151817
42.84615384615385,0.03151862464183386
42.84615384615385,0.028653295128939882
42.84615384615385,0.02005730659025784
42.857549857549856,0.022922636103151817
42.857549857549856,0.03151862464183386
42.857549857549856,0.025787965616045794
42.857549857549856,0.028653295128939882
42.86894586894587,0.022922636103151817
42.86894586894587,0.034383954154727836
42.86894586894587,0.025787965616045794
42.86894586894587,0.028653295128939882
42.86894586894587,0.03151862464183386
42.88034188034188,0.034383954154727836
42.88034188034188,0.03724928366762181
42.88034188034188,0.03151862464183386
42.88034188034188,0.025787965616045794
42.88034188034188,0.028653295128939882
42.89173789173789,0.03151862464183386
42.89173789173789,0.028653295128939882
42.89173789173789,0.034383954154727836
42.89173789173789,0.03724928366762181
42.903133903133906,0.03724928366762181
42.903133903133906,0.028653295128939882
42.903133903133906,0.03151862464183386
42.903133903133906,0.034383954154727836
42.903133903133906,0.04011461318051579
42.914529914529915,0.034383954154727836
42.914529914529915,0.03151862464183386
42.914529914529915,0.04297994269340977
42.914529914529915,0.03724928366762181
42.914529914529915,0.04011461318051579
42.925925925925924,0.034383954154727836
42.925925925925924,0.03724928366762181
42.925925925925924,0.04297994269340977
42.925925925925924,0.04011461318051579
42.925925925925924,0.045845272206303744
42.93732193732194,0.04297994269340977
42.93732193732194,0.04011461318051579
42.93732193732194,0.03724928366762181
42.93732193732194,0.045845272206303744
42.93732193732194,0.04871060171919772
42.94871794871795,0.045845272206303744
42.94871794871795,0.04011461318051579
42.94871794871795,0.04297994269340977
42.94871794871795,0.0515759312320917
42.94871794871795,0.04871060171919772
42.96011396011396,0.0515759312320917
42.96011396011396,0.04297994269340977
42.96011396011396,0.045845272206303744
42.96011396011396,0.054441260744985676
42.96011396011396,0.04871060171919772
42.971509971509974,0.04871060171919772
42.971509971509974,0.05730659025787965
42.971509971509974,0.0515759312320917
42.971509971509974,0.045845272206303744
42.971509971509974,0.054441260744985676
42.98290598290598,0.06017191977077363
42.98290598290598,0.05730659025787965
42.98290598290598,0.054441260744985676
42.98290598290598,0.04871060171919772
42.98290598290598,0.0515759312320917
42.99430199430199,0.0630372492836676
42.99430199430199,0.0515759312320917
42.99430199430199,0.06017191977077363
42.99430199430199,0.06590257879656158
42.99430199430199,0.054441260744985676
42.99430199430199,0.05730659025787965
43.00569800569801,0.06017191977077363
43.00569800569801,0.05730659025787965
43.00569800569801,0.06876790830945556
43.00569800569801,0.0630372492836676
43.00569800569801,0.054441260744985676
43.00569800569801,0.06590257879656158
43.01709401709402,0.07449856733524352
43.01709401709402,0.06876790830945556
43.01709401709402,0.07163323782234954
43.01709401709402,0.06590257879656158
43.01709401709402,0.05730659025787965
43.01709401709402,0.0630372492836676
43.01709401709402,0.06017191977077363
43.028490028490026,0.06590257879656158
43.028490028490026,0.07449856733524352
43.028490028490026,0.06017191977077363
43.028490028490026,0.07736389684813749
43.028490028490026,0.07163323782234954
43.028490028490026,0.06876790830945556
43.028490028490026,0.0630372492836676
43.03988603988604,0.07163323782234954
43.03988603988604,0.06876790830945556
43.03988603988604,0.08022922636103147
43.03988603988604,0.07449856733524352
43.03988603988604,0.08309455587392545
43.03988603988604,0.06590257879656158
43.03988603988604,0.07736389684813749
43.05128205128205,0.08022922636103147
43.05128205128205,0.08309455587392545
43.05128205128205,0.07163323782234954
43.05128205128205,0.07449856733524352
43.05128205128205,0.06876790830945556
43.05128205128205,0.08595988538681953
43.05128205128205,0.07736389684813749
43.06267806267806,0.07736389684813749
43.06267806267806,0.08022922636103147
43.06267806267806,0.07449856733524352
43.06267806267806,0.09169054441260749
43.06267806267806,0.08309455587392545
43.06267806267806,0.08882521489971351
43.06267806267806,0.08595988538681953
43.074074074074076,0.09742120343839544
43.074074074074076,0.09455587392550147
43.074074074074076,0.09169054441260749
43.074074074074076,0.08882521489971351
43.074074074074076,0.08022922636103147
43.074074074074076,0.08595988538681953
43.074074074074076,0.08309455587392545
43.074074074074076,0.07736389684813749
43.085470085470085,0.1031518624641834
43.085470085470085,0.09169054441260749
43.085470085470085,0.08595988538681953
43.085470085470085,0.10028653295128942
43.085470085470085,0.09455587392550147
43.085470085470085,0.08309455587392545
43.085470085470085,0.09742120343839544
43.085470085470085,0.08882521489971351
43.096866096866094,0.10601719197707737
43.096866096866094,0.10028653295128942
43.096866096866094,0.10888252148997135
43.096866096866094,0.08882521489971351
43.096866096866094,0.09742120343839544
43.096866096866094,0.1031518624641834
43.096866096866094,0.09455587392550147
43.096866096866094,0.09169054441260749
43.10826210826211,0.10888252148997135
43.10826210826211,0.11174785100286533
43.10826210826211,0.1146131805157593
43.10826210826211,0.10601719197707737
43.10826210826211,0.1031518624641834
43.10826210826211,0.09455587392550147
43.10826210826211,0.10028653295128942
43.10826210826211,0.09742120343839544
43.11965811965812,0.10601719197707737
43.11965811965812,0.12320916905444124
43.11965811965812,0.10888252148997135
43.11965811965812,0.1031518624641834
43.11965811965812,0.12034383954154726
43.11965811965812,0.11174785100286533
43.11965811965812,0.10028653295128942
43.11965811965812,0.11747851002865328
43.11965811965812,0.1146131805157593
43.13105413105413,0.12034383954154726
43.13105413105413,0.1260744985673352
43.13105413105413,0.11747851002865328
43.13105413105413,0.1146131805157593
43.13105413105413,0.1289398280802292
43.13105413105413,0.10601719197707737
43.13105413105413,0.11174785100286533
43.13105413105413,0.10888252148997135
43.13105413105413,0.12320916905444124
43.142450142450144,0.13467048710601714
43.142450142450144,0.1260744985673352
43.142450142450144,0.13180515759312317
43.142450142450144,0.1289398280802292
43.142450142450144,0.1146131805157593
43.142450142450144,0.13753581661891112
43.142450142450144,0.12034383954154726
43.142450142450144,0.11174785100286533
43.142450142450144,0.11747851002865328
43.142450142450144,0.12320916905444124
43.15384615384615,0.12320916905444124
43.15384615384615,0.13467048710601714
43.15384615384615,0.1404011461318052
43.15384615384615,0.13180515759312317
43.15384615384615,0.1432664756446992
43.15384615384615,0.13753581661891112
43.15384615384615,0.1289398280802292
43.15384615384615,0.12034383954154726
43.15384615384615,0.1260744985673352
43.15384615384615,0.11747851002865328
43.16524216524216,0.14899713467048714
43.16524216524216,0.1432664756446992
43.16524216524216,0.15186246418338112
43.16524216524216,0.1404011461318052
43.16524216524216,0.14613180515759316
43.16524216524216,0.1260744985673352
43.16524216524216,0.1289398280802292
43.16524216524216,0.13753581661891112
43.16524216524216,0.13467048710601714
43.16524216524216,0.12320916905444124
43.16524216524216,0.13180515759312317
43.17663817663818,0.15759312320916907
43.17663817663818,0.1547277936962751
43.17663817663818,0.15186246418338112
43.17663817663818,0.14899713467048714
43.17663817663818,0.13180515759312317
43.17663817663818,0.14613180515759316
43.17663817663818,0.13753581661891112
43.17663817663818,0.16045845272206305
43.17663817663818,0.13467048710601714
43.17663817663818,0.1404011461318052
43.17663817663818,0.1432664756446992
43.18803418803419,0.16332378223495703
43.18803418803419,0.1404011461318052
43.18803418803419,0.15759312320916907
43.18803418803419,0.166189111747851
43.18803418803419,0.1547277936962751
43.18803418803419,0.14613180515759316
43.18803418803419,0.16905444126074498
43.18803418803419,0.1432664756446992
43.18803418803419,0.15186246418338112
43.18803418803419,0.16045845272206305
43.18803418803419,0.14899713467048714
43.18803418803419,0.13753581661891112
43.199430199430196,0.16905444126074498
43.199430199430196,0.17191977077363896
43.199430199430196,0.166189111747851
43.199430199430196,0.17478510028653294
43.199430199430196,0.1776504297994269
43.199430199430196,0.16332378223495703
43.199430199430196,0.14899713467048714
43.199430199430196,0.16045845272206305
43.199430199430196,0.14613180515759316
43.199430199430196,0.15759312320916907
43.199430199430196,0.15186246418338112
43.199430199430196,0.1547277936962751
43.21082621082621,0.18624641833810884
43.21082621082621,0.18338108882521487
43.21082621082621,0.1805157593123209
43.21082621082621,0.1776504297994269
43.21082621082621,0.17478510028653294
43.21082621082621,0.17191977077363896
43.21082621082621,0.16332378223495703
43.21082621082621,0.1547277936962751
43.21082621082621,0.15759312320916907
43.21082621082621,0.16905444126074498
43.21082621082621,0.166189111747851
43.21082621082621,0.16045845272206305
43.22222222222222,0.1919770773638968
43.22222222222222,0.19484240687679089
43.22222222222222,0.1805157593123209
43.22222222222222,0.17191977077363896
43.22222222222222,0.16905444126074498
43.22222222222222,0.1776504297994269
43.22222222222222,0.18624641833810884
43.22222222222222,0.16332378223495703
43.22222222222222,0.17478510028653294
43.22222222222222,0.18911174785100282
43.22222222222222,0.18338108882521487
43.22222222222222,0.166189111747851
43.23361823361823,0.1919770773638968
43.23361823361823,0.19770773638968486
43.23361823361823,0.20057306590257884
43.23361823361823,0.20343839541547282
43.23361823361823,0.2063037249283668
43.23361823361823,0.19484240687679089
43.23361823361823,0.18911174785100282
43.23361823361823,0.18338108882521487
43.23361823361823,0.1805157593123209
43.23361823361823,0.1776504297994269
43.23361823361823,0.17191977077363896
43.23361823361823,0.17478510028653294
43.23361823361823,0.18624641833810884
43.24501424501425,0.18624641833810884
43.24501424501425,0.18911174785100282
43.24501424501425,0.19484240687679089
43.24501424501425,0.18338108882521487
43.24501424501425,0.21489971346704873
43.24501424501425,0.19770773638968486
43.24501424501425,0.2063037249283668
43.24501424501425,0.21203438395415475
43.24501424501425,0.20057306590257884
43.24501424501425,0.1805157593123209
43.24501424501425,0.1919770773638968
43.24501424501425,0.20916905444126077
43.24501424501425,0.20343839541547282
43.256410256410255,0.20916905444126077
43.256410256410255,0.22349570200573066
43.256410256410255,0.21203438395415475
43.256410256410255,0.2177650429799427
43.256410256410255,0.22063037249283668
43.256410256410255,0.21489971346704873
43.256410256410255,0.18911174785100282
43.256410256410255,0.22636103151862463
43.256410256410255,0.2063037249283668
43.256410256410255,0.20343839541547282
43.256410256410255,0.1919770773638968
43.256410256410255,0.20057306590257884
43.256410256410255,0.19484240687679089
43.256410256410255,0.19770773638968486
43.267806267806264,0.2292263610315186
43.267806267806264,0.22349570200573066
43.267806267806264,0.2320916905444126
43.267806267806264,0.22063037249283668
43.267806267806264,0.23495702005730656
43.267806267806264,0.22636103151862463
43.267806267806264,0.2177650429799427
43.267806267806264,0.23782234957020054
43.267806267806264,0.19770773638968486
43.267806267806264,0.21489971346704873
43.267806267806264,0.20057306590257884
43.267806267806264,0.21203438395415475
43.267806267806264,0.20343839541547282
43.267806267806264,0.2063037249283668
43.267806267806264,0.20916905444126077
43.27920227920228,0.24641833810888247
43.27920227920228,0.23495702005730656
43.27920227920228,0.24068767908309452
43.27920227920228,0.2320916905444126
43.27920227920228,0.2292263610315186
43.27920227920228,0.23782234957020054
43.27920227920228,0.2435530085959885
43.27920227920228,0.22636103151862463
43.27920227920228,0.22349570200573066
43.27920227920228,0.20916905444126077
43.27920227920228,0.21203438395415475
43.27920227920228,0.22063037249283668
43.27920227920228,0.21489971346704873
43.27920227920228,0.2177650429799427
43.29059829059829,0.2292263610315186
43.29059829059829,0.2578796561604585
43.29059829059829,0.25214899713467054
43.29059829059829,0.24928366762177645
43.29059829059829,0.24641833810888247
43.29059829059829,0.2435530085959885
43.29059829059829,0.24068767908309452
43.29059829059829,0.2550143266475645
43.29059829059829,0.2177650429799427
43.29059829059829,0.22636103151862463
43.29059829059829,0.23782234957020054
43.29059829059829,0.22063037249283668
43.29059829059829,0.23495702005730656
43.29059829059829,0.22349570200573066
43.29059829059829,0.2320916905444126
43.3019943019943,0.2578796561604585
43.3019943019943,0.26361031518624645
43.3019943019943,0.2550143266475645
43.3019943019943,0.2664756446991404
43.3019943019943,0.2320916905444126
43.3019943019943,0.25214899713467054
43.3019943019943,0.2693409742120344
43.3019943019943,0.24928366762177645
43.3019943019943,0.2292263610315186
43.3019943019943,0.23495702005730656
43.3019943019943,0.24641833810888247
43.3019943019943,0.2435530085959885
43.3019943019943,0.23782234957020054
43.3019943019943,0.24068767908309452
43.3019943019943,0.26074498567335247
43.313390313390315,0.27507163323782235
43.313390313390315,0.2722063037249284
43.313390313390315,0.2693409742120344
43.313390313390315,0.27793696275071633
43.313390313390315,0.2664756446991404
43.313390313390315,0.2808022922636103
43.313390313390315,0.26361031518624645
43.313390313390315,0.24068767908309452
43.313390313390315,0.26074498567335247
43.313390313390315,0.2435530085959885
43.313390313390315,0.2578796561604585
43.313390313390315,0.24641833810888247
43.313390313390315,0.2550143266475645
43.313390313390315,0.24928366762177645
43.313390313390315,0.25214899713467054
43.324786324786324,0.25214899713467054
43.324786324786324,0.28653295128939826
43.324786324786324,0.2808022922636103
43.324786324786324,0.28939828080229224
43.324786324786324,0.27793696275071633
43.324786324786324,0.24928366762177645
43.324786324786324,0.27507163323782235
43.324786324786324,0.2922636103151862
43.324786324786324,0.26074498567335247
43.324786324786324,0.2836676217765043
43.324786324786324,0.2951289398280802
43.324786324786324,0.2550143266475645
43.324786324786324,0.2693409742120344
43.324786324786324,0.2664756446991404
43.324786324786324,0.2578796561604585
43.324786324786324,0.26361031518624645
43.324786324786324,0.2722063037249284
43.33618233618233,0.2951289398280802
43.33618233618233,0.2922636103151862
43.33618233618233,0.29799426934097417
43.33618233618233,0.28653295128939826
43.33618233618233,0.30085959885386815
43.33618233618233,0.28939828080229224
43.33618233618233,0.3037249283667621
43.33618233618233,0.3065902578796562
43.33618233618233,0.2693409742120344
43.33618233618233,0.2836676217765043
43.33618233618233,0.2664756446991404
43.33618233618233,0.26074498567335247
43.33618233618233,0.2808022922636103
43.33618233618233,0.26361031518624645
43.33618233618233,0.27793696275071633
43.33618233618233,0.27507163323782235
43.33618233618233,0.2722063037249284
43.34757834757835,0.28653295128939826
43.34757834757835,0.30085959885386815
43.34757834757835,0.3180515759312321
43.34757834757835,0.3094555873925502
43.34757834757835,0.29799426934097417
43.34757834757835,0.31232091690544417
43.34757834757835,0.2951289398280802
43.34757834757835,0.31518624641833815
43.34757834757835,0.3065902578796562
43.34757834757835,0.27793696275071633
43.34757834757835,0.2922636103151862
43.34757834757835,0.2808022922636103
43.34757834757835,0.28939828080229224
43.34757834757835,0.2836676217765043
43.34757834757835,0.27507163323782235
43.34757834757835,0.3037249283667621
43.35897435897436,0.31232091690544417
43.35897435897436,0.3209169054441261
43.35897435897436,0.3180515759312321
43.35897435897436,0.332378223495702
43.35897435897436,0.3237822349570201
43.35897435897436,0.32664756446991405
43.35897435897436,0.32951289398280803
43.35897435897436,0.31518624641833815
43.35897435897436,0.3094555873925502
43.35897435897436,0.2922636103151862
43.35897435897436,0.28653295128939826
43.35897435897436,0.3065902578796562
43.35897435897436,0.28939828080229224
43.35897435897436,0.3037249283667621
43.35897435897436,0.29799426934097417
43.35897435897436,0.30085959885386815
43.35897435897436,0.2951289398280802
43.37037037037037,0.3467048710601719
43.37037037037037,0.29799426934097417
43.37037037037037,0.3438395415472779
43.37037037037037,0.32664756446991405
43.37037037037037,0.32951289398280803
43.37037037037037,0.33810888252148996
43.37037037037037,0.3094555873925502
43.37037037037037,0.332378223495702
43.37037037037037,0.34097421203438394
43.37037037037037,0.3237822349570201
43.37037037037037,0.335243553008596
43.37037037037037,0.3209169054441261
43.37037037037037,0.30085959885386815
43.37037037037037,0.3180515759312321
43.37037037037037,0.3037249283667621
43.37037037037037,0.31518624641833815
43.37037037037037,0.3065902578796562
43.37037037037037,0.31232091690544417
43.38176638176638,0.33810888252148996
43.38176638176638,0.34957020057306587
43.38176638176638,0.3438395415472779
43.38176638176638,0.35243553008595985
43.38176638176638,0.34097421203438394
43.38176638176638,0.3553008595988538
43.38176638176638,0.3581661891117478
43.38176638176638,0.3467048710601719
43.38176638176638,0.3094555873925502
43.38176638176638,0.332378223495702
43.38176638176638,0.32951289398280803
43.38176638176638,0.31232091690544417
43.38176638176638,0.32664756446991405
43.38176638176638,0.31518624641833815
43.38176638176638,0.3237822349570201
43.38176638176638,0.3180515759312321
43.38176638176638,0.335243553008596
43.38176638176638,0.3209169054441261
43.39316239316239,0.33810888252148996
43.39316239316239,0.36676217765042984
43.39316239316239,0.36389684813753587
43.39316239316239,0.3610315186246418
43.39316239316239,0.3581661891117478
43.39316239316239,0.3553008595988538
43.39316239316239,0.34957020057306587
43.39316239316239,0.3237822349570201
43.39316239316239,0.3467048710601719
43.39316239316239,0.32664756446991405
43.39316239316239,0.3438395415472779
43.39316239316239,0.32951289398280803
43.39316239316239,0.34097421203438394
43.39316239316239,0.332378223495702
43.39316239316239,0.335243553008596
43.39316239316239,0.35243553008595985
43.39316239316239,0.3724928366762178
43.39316239316239,0.3696275071633238
43.40455840455841,0.34097421203438394
43.40455840455841,0.335243553008596
43.40455840455841,0.3438395415472779
43.40455840455841,0.3467048710601719
43.40455840455841,0.34957020057306587
43.40455840455841,0.35243553008595985
43.40455840455841,0.3553008595988538
43.40455840455841,0.3581661891117478
43.40455840455841,0.3610315186246418
43.40455840455841,0.36389684813753587
43.40455840455841,0.36676217765042984
43.40455840455841,0.3696275071633238
43.40455840455841,0.3868194842406877
43.40455840455841,0.3724928366762178
43.40455840455841,0.33810888252148996
43.40455840455841,0.3839541547277937
43.40455840455841,0.3753581661891118
43.40455840455841,0.37822349570200575
43.40455840455841,0.38108882521489973
43.41595441595442,0.39255014326647564
43.41595441595442,0.3610315186246418
43.41595441595442,0.34957020057306587
43.41595441595442,0.3954154727793696
43.41595441595442,0.3581661891117478
43.41595441595442,0.36389684813753587
43.41595441595442,0.3553008595988538
43.41595441595442,0.3753581661891118
43.41595441595442,0.37822349570200575
43.41595441595442,0.38968481375358166
43.41595441595442,0.3982808022922636
43.41595441595442,0.3696275071633238
43.41595441595442,0.3839541547277937
43.41595441595442,0.38108882521489973
43.41595441595442,0.40114613180515757
43.41595441595442,0.3724928366762178
43.41595441595442,0.3868194842406877
43.41595441595442,0.36676217765042984
43.41595441595442,0.35243553008595985
43.427350427350426,0.3753581661891118
43.427350427350426,0.4097421203438395
43.427350427350426,0.3982808022922636
43.427350427350426,0.4068767908309455
43.427350427350426,0.40114613180515757
43.427350427350426,0.3954154727793696
43.427350427350426,0.3839541547277937
43.427350427350426,0.36389684813753587
43.427350427350426,0.39255014326647564
43.427350427350426,0.3724928366762178
43.427350427350426,0.37822349570200575
43.427350427350426,0.3696275071633238
43.427350427350426,0.36676217765042984
43.427350427350426,0.4126074498567335
43.427350427350426,0.40401146131805155
43.427350427350426,0.3868194842406877
43.427350427350426,0.41547277936962745
43.427350427350426,0.38108882521489973
43.427350427350426,0.38968481375358166
43.43874643874644,0.4097421203438395
43.43874643874644,0.4269340974212035
43.43874643874644,0.42979942693409745
43.43874643874644,0.41833810888252154
43.43874643874644,0.4126074498567335
43.43874643874644,0.4068767908309455
43.43874643874644,0.4240687679083095
43.43874643874644,0.4212034383954155
43.43874643874644,0.41547277936962745
43.43874643874644,0.3868194842406877
43.43874643874644,0.3982808022922636
43.43874643874644,0.39255014326647564
43.43874643874644,0.3753581661891118
43.43874643874644,0.3954154727793696
43.43874643874644,0.40401146131805155
43.43874643874644,0.37822349570200575
43.43874643874644,0.38108882521489973
43.43874643874644,0.38968481375358166
43.43874643874644,0.3839541547277937
43.43874643874644,0.40114613180515757
43.45014245014245,0.41833810888252154
43.45014245014245,0.4269340974212035
43.45014245014245,0.4326647564469914
43.45014245014245,0.4355300859598854
43.45014245014245,0.4383954154727794
43.45014245014245,0.4212034383954155
43.45014245014245,0.38968481375358166
43.45014245014245,0.44126074498567336
43.45014245014245,0.42979942693409745
43.45014245014245,0.40401146131805155
43.45014245014245,0.4240687679083095
43.45014245014245,0.39255014326647564
43.45014245014245,0.41547277936962745
43.45014245014245,0.40114613180515757
43.45014245014245,0.3954154727793696
43.45014245014245,0.4068767908309455
43.45014245014245,0.4097421203438395
43.45014245014245,0.4126074498567335
43.45014245014245,0.44412607449856734
43.45014245014245,0.3982808022922636
43.46153846153846,0.45558739255014324
43.46153846153846,0.4355300859598854
43.46153846153846,0.4068767908309455
43.46153846153846,0.4383954154727794
43.46153846153846,0.4498567335243553
43.46153846153846,0.44126074498567336
43.46153846153846,0.40401146131805155
43.46153846153846,0.4469914040114613
43.46153846153846,0.44412607449856734
43.46153846153846,0.45272206303724927
43.46153846153846,0.4326647564469914
43.46153846153846,0.4584527220630372
43.46153846153846,0.4126074498567335
43.46153846153846,0.4097421203438395
43.46153846153846,0.42979942693409745
43.46153846153846,0.4212034383954155
43.46153846153846,0.4269340974212035
43.46153846153846,0.41547277936962745
43.46153846153846,0.41833810888252154
43.46153846153846,0.4240687679083095
43.472934472934476,0.4727793696275072
43.472934472934476,0.4498567335243553
43.472934472934476,0.46991404011461313
43.472934472934476,0.4613180515759312
43.472934472934476,0.46704871060171915
43.472934472934476,0.45558739255014324
43.472934472934476,0.4641833810888252
43.472934472934476,0.4584527220630372
43.472934472934476,0.45272206303724927
43.472934472934476,0.4469914040114613
43.472934472934476,0.44412607449856734
43.472934472934476,0.4383954154727794
43.472934472934476,0.4326647564469914
43.472934472934476,0.41833810888252154
43.472934472934476,0.42979942693409745
43.472934472934476,0.44126074498567336
43.472934472934476,0.4355300859598854
43.472934472934476,0.4212034383954155
43.472934472934476,0.4269340974212035
43.472934472934476,0.4240687679083095
43.484330484330485,0.4641833810888252
43.484330484330485,0.46991404011461313
43.484330484330485,0.46704871060171915
43.484330484330485,0.4727793696275072
43.484330484330485,0.4756446991404012
43.484330484330485,0.47851002865329517
43.484330484330485,0.48137535816618915
43.484330484330485,0.4842406876790831
43.484330484330485,0.4469914040114613
43.484330484330485,0.4326647564469914
43.484330484330485,0.4613180515759312
43.484330484330485,0.4871060171919771
43.484330484330485,0.4383954154727794
43.484330484330485,0.4355300859598854
43.484330484330485,0.44126074498567336
43.484330484330485,0.4584527220630372
43.484330484330485,0.4498567335243553
43.484330484330485,0.45272206303724927
43.484330484330485,0.45558739255014324
43.484330484330485,0.44412607449856734
43.495726495726494,0.4756446991404012
43.495726495726494,0.45272206303724927
43.495726495726494,0.47851002865329517
43.495726495726494,0.501432664756447
43.495726495726494,0.48137535816618915
43.495726495726494,0.4899713467048711
43.495726495726494,0.4842406876790831
43.495726495726494,0.4498567335243553
43.495726495726494,0.49283667621776506
43.495726495726494,0.4613180515759312
43.495726495726494,0.4469914040114613
43.495726495726494,0.4727793696275072
43.495726495726494,0.4641833810888252
43.495726495726494,0.4584527220630372
43.495726495726494,0.498567335243553
43.495726495726494,0.46704871060171915
43.495726495726494,0.49570200573065903
43.495726495726494,0.4871060171919771
43.495726495726494,0.46991404011461313
43.495726495726494,0.45558739255014324
43.50712250712251,0.49283667621776506
43.50712250712251,0.5128939828080229
43.50712250712251,0.5100286532951289
43.50712250712251,0.49570200573065903
43.50712250712251,0.5071633237822349
43.50712250712251,0.4899713467048711
43.50712250712251,0.501432664756447
43.50712250712251,0.498567335243553
43.50712250712251,0.504297994269341
43.50712250712251,0.4756446991404012
43.50712250712251,0.4871060171919771
43.50712250712251,0.515759312320917
43.50712250712251,0.4842406876790831
43.50712250712251,0.4613180515759312
43.50712250712251,0.48137535816618915
43.50712250712251,0.4641833810888252
43.50712250712251,0.47851002865329517
43.50712250712251,0.46704871060171915
43.50712250712251,0.46991404011461313
43.50712250712251,0.4727793696275072
43.51851851851852,0.5300859598853869
43.51851851851852,0.5071633237822349
43.51851851851852,0.5243553008595989
43.51851851851852,0.515759312320917
43.51851851851852,0.5100286532951289
43.51851851851852,0.5214899713467049
43.51851851851852,0.5128939828080229
43.51851851851852,0.518624641833811
43.51851851851852,0.5272206303724929
43.51851851851852,0.504297994269341
43.51851851851852,0.4899713467048711
43.51851851851852,0.501432664756447
43.51851851851852,0.4756446991404012
43.51851851851852,0.47851002865329517
43.51851851851852,0.48137535816618915
43.51851851851852,0.4871060171919771
43.51851851851852,0.49283667621776506
43.51851851851852,0.49570200573065903
43.51851851851852,0.4842406876790831
43.51851851851852,0.498567335243553
43.52991452991453,0.5358166189111748
43.52991452991453,0.5300859598853869
43.52991452991453,0.5386819484240688
43.52991452991453,0.501432664756447
43.52991452991453,0.5272206303724929
43.52991452991453,0.5415472779369628
43.52991452991453,0.5071633237822349
43.52991452991453,0.5243553008595989
43.52991452991453,0.5444126074498568
43.52991452991453,0.5100286532951289
43.52991452991453,0.5214899713467049
43.52991452991453,0.49570200573065903
43.52991452991453,0.5329512893982808
43.52991452991453,0.504297994269341
43.52991452991453,0.518624641833811
43.52991452991453,0.498567335243553
43.52991452991453,0.4899713467048711
43.52991452991453,0.515759312320917
43.52991452991453,0.5472779369627507
43.52991452991453,0.5128939828080229
43.52991452991453,0.49283667621776506
43.541310541310544,0.5587392550143266
43.541310541310544,0.5358166189111748
43.541310541310544,0.5386819484240688
43.541310541310544,0.5472779369627507
43.541310541310544,0.5558739255014327
43.541310541310544,0.5444126074498568
43.541310541310544,0.5501432664756447
43.541310541310544,0.5616045845272206
43.541310541310544,0.5415472779369628
43.541310541310544,0.5530085959885387
43.541310541310544,0.5100286532951289
43.541310541310544,0.518624641833811
43.541310541310544,0.5243553008595989
43.541310541310544,0.5071633237822349
43.541310541310544,0.5214899713467049
43.541310541310544,0.515759312320917
43.541310541310544,0.5272206303724929
43.541310541310544,0.5300859598853869
43.541310541310544,0.5128939828080229
43.541310541310544,0.5329512893982808
43.55270655270655,0.5558739255014327
43.55270655270655,0.5587392550143266
43.55270655270655,0.5702005730659025
43.55270655270655,0.5530085959885387
43.55270655270655,0.5644699140401146
43.55270655270655,0.5730659025787965
43.55270655270655,0.5501432664756447
43.55270655270655,0.5673352435530086
43.55270655270655,0.5616045845272206
43.55270655270655,0.5358166189111748
43.55270655270655,0.5415472779369628
43.55270655270655,0.5329512893982808
43.55270655270655,0.5386819484240688
43.55270655270655,0.5300859598853869
43.55270655270655,0.5214899713467049
43.55270655270655,0.5272206303724929
43.55270655270655,0.5759312320916905
43.55270655270655,0.5444126074498568
43.55270655270655,0.5243553008595989
43.55270655270655,0.5472779369627507
43.56410256410256,0.5702005730659025
43.56410256410256,0.5730659025787965
43.56410256410256,0.5845272206303724
43.56410256410256,0.5673352435530086
43.56410256410256,0.5787965616045845
43.56410256410256,0.5873925501432664
43.56410256410256,0.5644699140401146
43.56410256410256,0.5816618911174785
43.56410256410256,0.5759312320916905
43.56410256410256,0.5358166189111748
43.56410256410256,0.5902578796561604
43.56410256410256,0.5472779369627507
43.56410256410256,0.5530085959885387
43.56410256410256,0.5444126074498568
43.56410256410256,0.5501432664756447
43.56410256410256,0.5415472779369628
43.56410256410256,0.5558739255014327
43.56410256410256,0.5587392550143266
43.56410256410256,0.5386819484240688
43.56410256410256,0.5616045845272206
43.57549857549858,0.5845272206303724
43.57549857549858,0.5873925501432664
43.57549857549858,0.5988538681948424
43.57549857549858,0.5816618911174785
43.57549857549858,0.5931232091690544
43.57549857549858,0.6017191977077364
43.57549857549858,0.5787965616045845
43.57549857549858,0.5959885386819483
43.57549857549858,0.6045845272206304
43.57549857549858,0.5644699140401146
43.57549857549858,0.5501432664756447
43.57549857549858,0.5616045845272206
43.57549857549858,0.5673352435530086
43.57549857549858,0.5587392550143266
43.57549857549858,0.5902578796561604
43.57549857549858,0.5558739255014327
43.57549857549858,0.5702005730659025
43.57549857549858,0.5730659025787965
43.57549857549858,0.5530085959885387
43.57549857549858,0.5759312320916905
43.58689458689459,0.6017191977077364
43.58689458689459,0.6160458452722063
43.58689458689459,0.6045845272206304
43.58689458689459,0.5959885386819483
43.58689458689459,0.6103151862464183
43.58689458689459,0.6189111747851003
43.58689458689459,0.5931232091690544
43.58689458689459,0.6131805157593123
43.58689458689459,0.6074498567335244
43.58689458689459,0.5988538681948424
43.58689458689459,0.5702005730659025
43.58689458689459,0.5759312320916905
43.58689458689459,0.5673352435530086
43.58689458689459,0.5787965616045845
43.58689458689459,0.5816618911174785
43.58689458689459,0.5845272206303724
43.58689458689459,0.5644699140401146
43.58689458689459,0.5730659025787965
43.58689458689459,0.5873925501432664
43.58689458689459,0.5902578796561604
43.598290598290596,0.5988538681948424
43.598290598290596,0.6275071633237823
43.598290598290596,0.6246418338108882
43.598290598290596,0.6103151862464183
43.598290598290596,0.6303724928366763
43.598290598290596,0.6160458452722063
43.598290598290596,0.5787965616045845
43.598290598290596,0.6074498567335244
43.598290598290596,0.6332378223495703
43.598290598290596,0.5902578796561604
43.598290598290596,0.6189111747851003
43.598290598290596,0.5816618911174785
43.598290598290596,0.6045845272206304
43.598290598290596,0.6131805157593123
43.598290598290596,0.5959885386819483
43.598290598290596,0.5845272206303724
43.598290598290596,0.6017191977077364
43.598290598290596,0.5873925501432664
43.598290598290596,0.6217765042979942
43.598290598290596,0.5931232091690544
43.60968660968661,0.6246418338108882
43.60968660968661,0.6361031518624642
43.60968660968661,0.6303724928366763
43.60968660968661,0.6332378223495703
43.60968660968661,0.6389684813753582
43.60968660968661,0.6418338108882522
43.60968660968661,0.6446991404011462
43.60968660968661,0.6475644699140402
43.60968660968661,0.5931232091690544
43.60968660968661,0.6217765042979942
43.60968660968661,0.6275071633237823
43.60968660968661,0.6017191977077364
43.60968660968661,0.6189111747851003
43.60968660968661,0.6160458452722063
43.60968660968661,0.6045845272206304
43.60968660968661,0.5988538681948424
43.60968660968661,0.6131805157593123
43.60968660968661,0.6103151862464183
43.60968660968661,0.5959885386819483
43.60968660968661,0.6074498567335244
43.62108262108262,0.6418338108882522
43.62108262108262,0.6532951289398281
43.62108262108262,0.6446991404011462
43.62108262108262,0.6389684813753582
43.62108262108262,0.6561604584527221
43.62108262108262,0.6074498567335244
43.62108262108262,0.6361031518624642
43.62108262108262,0.66189111747851
43.62108262108262,0.6332378223495703
43.62108262108262,0.6217765042979942
43.62108262108262,0.6131805157593123
43.62108262108262,0.6303724928366763
43.62108262108262,0.6590257879656161
43.62108262108262,0.6160458452722063
43.62108262108262,0.6275071633237823
43.62108262108262,0.6504297994269341
43.62108262108262,0.6189111747851003
43.62108262108262,0.6246418338108882
43.62108262108262,0.6475644699140402
43.62108262108262,0.6103151862464183
43.63247863247863,0.673352435530086
43.63247863247863,0.667621776504298
43.63247863247863,0.670487106017192
43.63247863247863,0.6561604584527221
43.63247863247863,0.6590257879656161
43.63247863247863,0.664756446991404
43.63247863247863,0.66189111747851
43.63247863247863,0.6532951289398281
43.63247863247863,0.6504297994269341
43.63247863247863,0.6217765042979942
43.63247863247863,0.6475644699140402
43.63247863247863,0.6246418338108882
43.63247863247863,0.6275071633237823
43.63247863247863,0.6446991404011462
43.63247863247863,0.6418338108882522
43.63247863247863,0.6303724928366763
43.63247863247863,0.6389684813753582
43.63247863247863,0.6762177650429799
43.63247863247863,0.6332378223495703
43.63247863247863,0.6361031518624642
43.643874643874646,0.6790830945558739
43.643874643874646,0.667621776504298
43.643874643874646,0.6876790830945558
43.643874643874646,0.6848137535816619
43.643874643874646,0.673352435530086
43.643874643874646,0.6819484240687679
43.643874643874646,0.6762177650429799
43.643874643874646,0.670487106017192
43.643874643874646,0.664756446991404
43.643874643874646,0.6446991404011462
43.643874643874646,0.6504297994269341
43.643874643874646,0.6532951289398281
43.643874643874646,0.6561604584527221
43.643874643874646,0.6590257879656161
43.643874643874646,0.6475644699140402
43.643874643874646,0.66189111747851
43.643874643874646,0.6418338108882522
43.643874643874646,0.6389684813753582
43.655270655270655,0.6934097421203438
43.655270655270655,0.6848137535816619
43.655270655270655,0.6962750716332378
43.655270655270655,0.7020057306590257
43.655270655270655,0.6876790830945558
43.655270655270655,0.6819484240687679
43.655270655270655,0.6991404011461317
43.655270655270655,0.6504297994269341
43.655270655270655,0.6790830945558739
43.655270655270655,0.6905444126074498
43.655270655270655,0.6762177650429799
43.655270655270655,0.667621776504298
43.655270655270655,0.66189111747851
43.655270655270655,0.6532951289398281
43.655270655270655,0.6590257879656161
43.655270655270655,0.664756446991404
43.655270655270655,0.670487106017192
43.655270655270655,0.673352435530086
43.655270655270655,0.6561604584527221
43.666666666666664,0.6962750716332378
43.666666666666664,0.7106017191977078
43.666666666666664,0.7048710601719197
43.666666666666664,0.7020057306590257
43.666666666666664,0.6934097421203438
43.666666666666664,0.7134670487106017
43.666666666666664,0.6991404011461317
43.666666666666664,0.664756446991404
43.666666666666664,0.7077363896848137
43.666666666666664,0.667621776504298
43.666666666666664,0.6762177650429799
43.666666666666664,0.6876790830945558
43.666666666666664,0.670487106017192
43.666666666666664,0.6905444126074498
43.666666666666664,0.6848137535816619
43.666666666666664,0.6790830945558739
43.666666666666664,0.673352435530086
43.666666666666664,0.6819484240687679
43.67806267806268,0.7048710601719197
43.67806267806268,0.7249283667621776
43.67806267806268,0.6905444126074498
43.67806267806268,0.7106017191977078
43.67806267806268,0.7191977077363897
43.67806267806268,0.7134670487106017
43.67806267806268,0.7077363896848137
43.67806267806268,0.7220630372492837
43.67806267806268,0.6790830945558739
43.67806267806268,0.7020057306590257
43.67806267806268,0.6819484240687679
43.67806267806268,0.6991404011461317
43.67806267806268,0.6848137535816619
43.67806267806268,0.6962750716332378
43.67806267806268,0.6876790830945558
43.67806267806268,0.6934097421203438
43.67806267806268,0.7277936962750716
43.67806267806268,0.7163323782234957
43.68945868945869,0.7277936962750716
43.68945868945869,0.7306590257879656
43.68945868945869,0.7249283667621776
43.68945868945869,0.7335243553008596
43.68945868945869,0.7363896848137537
43.68945868945869,0.7191977077363897
43.68945868945869,0.7392550143266476
43.68945868945869,0.7220630372492837
43.68945868945869,0.6991404011461317
43.68945868945869,0.7020057306590257
43.68945868945869,0.7077363896848137
43.68945868945869,0.7048710601719197
43.68945868945869,0.7106017191977078
43.68945868945869,0.7163323782234957
43.68945868945869,0.6934097421203438
43.68945868945869,0.6962750716332378
43.68945868945869,0.7134670487106017
43.7008547008547,0.7335243553008596
43.7008547008547,0.7449856733524356
43.7008547008547,0.7421203438395416
43.7008547008547,0.7535816618911175
43.7008547008547,0.7392550143266476
43.7008547008547,0.7306590257879656
43.7008547008547,0.7363896848137537
43.7008547008547,0.7163323782234957
43.7008547008547,0.7048710601719197
43.7008547008547,0.7277936962750716
43.7008547008547,0.7478510028653296
43.7008547008547,0.7077363896848137
43.7008547008547,0.7249283667621776
43.7008547008547,0.7106017191977078
43.7008547008547,0.7220630372492837
43.7008547008547,0.7134670487106017
43.7008547008547,0.7191977077363897
43.7008547008547,0.7507163323782235
43.712250712250714,0.7593123209169055
43.712250712250714,0.7564469914040115
43.712250712250714,0.7449856733524356
43.712250712250714,0.7507163323782235
43.712250712250714,0.7621776504297995
43.712250712250714,0.7478510028653296
43.712250712250714,0.7421203438395416
43.712250712250714,0.7535816618911175
43.712250712250714,0.7392550143266476
43.712250712250714,0.7363896848137537
43.712250712250714,0.7335243553008596
43.712250712250714,0.7306590257879656
43.712250712250714,0.7277936962750716
43.712250712250714,0.7249283667621776
43.712250712250714,0.7220630372492837
43.712250712250714,0.7191977077363897
43.712250712250714,0.7650429799426934
43.72364672364672,0.7650429799426934
43.72364672364672,0.7679083094555874
43.72364672364672,0.7621776504297995
43.72364672364672,0.7765042979942693
43.72364672364672,0.7593123209169055
43.72364672364672,0.7564469914040115
43.72364672364672,0.7707736389684814
43.72364672364672,0.7736389684813754
43.72364672364672,0.7421203438395416
43.72364672364672,0.7335243553008596
43.72364672364672,0.7507163323782235
43.72364672364672,0.7363896848137537
43.72364672364672,0.7478510028653296
43.72364672364672,0.7392550143266476
43.72364672364672,0.7449856733524356
43.72364672364672,0.7535816618911175
43.72364672364672,0.7306590257879656
43.73504273504273,0.7736389684813754
43.73504273504273,0.7793696275071633
43.73504273504273,0.7879656160458453
43.73504273504273,0.7679083094555874
43.73504273504273,0.7822349570200573
43.73504273504273,0.7707736389684814
43.73504273504273,0.7650429799426934
43.73504273504273,0.7478510028653296
43.73504273504273,0.7621776504297995
43.73504273504273,0.7507163323782235
43.73504273504273,0.7593123209169055
43.73504273504273,0.7851002865329513
43.73504273504273,0.7535816618911175
43.73504273504273,0.7564469914040115
43.73504273504273,0.7449856733524356
43.73504273504273,0.7765042979942693
43.74643874643875,0.7908309455587392
43.74643874643875,0.7851002865329513
43.74643874643875,0.7822349570200573
43.74643874643875,0.7936962750716332
43.74643874643875,0.7793696275071633
43.74643874643875,0.7965616045845272
43.74643874643875,0.7564469914040115
43.74643874643875,0.7736389684813754
43.74643874643875,0.7707736389684814
43.74643874643875,0.7679083094555874
43.74643874643875,0.7650429799426934
43.74643874643875,0.7621776504297995
43.74643874643875,0.7593123209169055
43.74643874643875,0.7765042979942693
43.74643874643875,0.7879656160458453
43.75783475783476,0.7994269340974212
43.75783475783476,0.7965616045845272
43.75783475783476,0.8022922636103151
43.75783475783476,0.7936962750716332
43.75783475783476,0.8080229226361031
43.75783475783476,0.7908309455587392
43.75783475783476,0.8051575931232091
43.75783475783476,0.7679083094555874
43.75783475783476,0.7851002865329513
43.75783475783476,0.7822349570200573
43.75783475783476,0.7736389684813754
43.75783475783476,0.7793696275071633
43.75783475783476,0.7879656160458453
43.75783475783476,0.7707736389684814
43.75783475783476,0.7765042979942693
43.76923076923077,0.7879656160458453
43.76923076923077,0.8080229226361031
43.76923076923077,0.8108882521489971
43.76923076923077,0.8137535816618912
43.76923076923077,0.8051575931232091
43.76923076923077,0.8166189111747851
43.76923076923077,0.8022922636103151
43.76923076923077,0.8194842406876791
43.76923076923077,0.7994269340974212
43.76923076923077,0.7965616045845272
43.76923076923077,0.7822349570200573
43.76923076923077,0.7936962750716332
43.76923076923077,0.7851002865329513
43.76923076923077,0.7908309455587392
43.76923076923077,0.7793696275071633
43.78062678062678,0.8194842406876791
43.78062678062678,0.8252148997134671
43.78062678062678,0.8166189111747851
43.78062678062678,0.828080229226361
43.78062678062678,0.8137535816618912
43.78062678062678,0.8108882521489971
43.78062678062678,0.8223495702005731
43.78062678062678,0.8080229226361031
43.78062678062678,0.7994269340974212
43.78062678062678,0.7908309455587392
43.78062678062678,0.7936962750716332
43.78062678062678,0.8022922636103151
43.78062678062678,0.8051575931232091
43.78062678062678,0.7965616045845272
43.79202279202279,0.8022922636103151
43.79202279202279,0.8223495702005731
43.79202279202279,0.836676217765043
43.79202279202279,0.8194842406876791
43.79202279202279,0.8051575931232091
43.79202279202279,0.8166189111747851
43.79202279202279,0.8108882521489971
43.79202279202279,0.830945558739255
43.79202279202279,0.8080229226361031
43.79202279202279,0.8137535816618912
43.79202279202279,0.828080229226361
43.79202279202279,0.8252148997134671
43.79202279202279,0.833810888252149
43.8034188034188,0.8108882521489971
43.8034188034188,0.839541547277937
43.8034188034188,0.8424068767908309
43.8034188034188,0.8452722063037249
43.8034188034188,0.8481375358166189
43.8034188034188,0.836676217765043
43.8034188034188,0.830945558739255
43.8034188034188,0.833810888252149
43.8034188034188,0.828080229226361
43.8034188034188,0.8252148997134671
43.8034188034188,0.8166189111747851
43.8034188034188,0.8223495702005731
43.8034188034188,0.8194842406876791
43.8034188034188,0.8137535816618912
43.81481481481482,0.839541547277937
43.81481481481482,0.8567335243553009
43.81481481481482,0.8452722063037249
43.81481481481482,0.830945558739255
43.81481481481482,0.8424068767908309
43.81481481481482,0.8510028653295129
43.81481481481482,0.8481375358166189
43.81481481481482,0.8223495702005731
43.81481481481482,0.8252148997134671
43.81481481481482,0.836676217765043
43.81481481481482,0.828080229226361
43.81481481481482,0.833810888252149
43.81481481481482,0.8538681948424068
43.826210826210826,0.8510028653295129
43.826210826210826,0.8538681948424068
43.826210826210826,0.8624641833810889
43.826210826210826,0.8653295128939829
43.826210826210826,0.8595988538681949
43.826210826210826,0.830945558739255
43.826210826210826,0.8567335243553009
43.826210826210826,0.8452722063037249
43.826210826210826,0.8424068767908309
43.826210826210826,0.839541547277937
43.826210826210826,0.836676217765043
43.826210826210826,0.833810888252149
43.826210826210826,0.8481375358166189
43.837606837606835,0.8681948424068768
43.837606837606835,0.8739255014326648
43.837606837606835,0.8624641833810889
43.837606837606835,0.8595988538681949
43.837606837606835,0.8710601719197708
43.837606837606835,0.8653295128939829
43.837606837606835,0.839541547277937
43.837606837606835,0.8452722063037249
43.837606837606835,0.8538681948424068
43.837606837606835,0.8567335243553009
43.837606837606835,0.8481375358166189
43.837606837606835,0.8510028653295129
43.837606837606835,0.8424068767908309
43.84900284900285,0.8710601719197708
43.84900284900285,0.8767908309455588
43.84900284900285,0.8681948424068768
43.84900284900285,0.8825214899713467
43.84900284900285,0.8510028653295129
43.84900284900285,0.8796561604584527
43.84900284900285,0.8538681948424068
43.84900284900285,0.8624641833810889
43.84900284900285,0.8567335243553009
43.84900284900285,0.8595988538681949
43.84900284900285,0.8653295128939829
43.84900284900285,0.8739255014326648
43.86039886039886,0.8853868194842407
43.86039886039886,0.8825214899713467
43.86039886039886,0.8882521489971347
43.86039886039886,0.8796561604584527
43.86039886039886,0.8767908309455588
43.86039886039886,0.8595988538681949
43.86039886039886,0.8624641833810889
43.86039886039886,0.8653295128939829
43.86039886039886,0.8710601719197708
43.86039886039886,0.8681948424068768
43.86039886039886,0.8739255014326648
43.87179487179487,0.8739255014326648
43.87179487179487,0.8653295128939829
43.87179487179487,0.8853868194842407
43.87179487179487,0.8911174785100286
43.87179487179487,0.8681948424068768
43.87179487179487,0.8825214899713467
43.87179487179487,0.8882521489971347
43.87179487179487,0.8710601719197708
43.87179487179487,0.8796561604584527
43.87179487179487,0.8968481375358166
43.87179487179487,0.8767908309455588
43.87179487179487,0.8939828080229226
43.883190883190885,0.8968481375358166
43.883190883190885,0.8911174785100286
43.883190883190885,0.9025787965616046
43.883190883190885,0.8997134670487106
43.883190883190885,0.8939828080229226
43.883190883190885,0.8882521489971347
43.883190883190885,0.8853868194842407
43.883190883190885,0.8825214899713467
43.883190883190885,0.8767908309455588
43.883190883190885,0.8796561604584527
43.883190883190885,0.8739255014326648
43.894586894586894,0.9054441260744985
43.894586894586894,0.8911174785100286
43.894586894586894,0.8853868194842407
43.894586894586894,0.9083094555873925
43.894586894586894,0.8939828080229226
43.894586894586894,0.8825214899713467
43.894586894586894,0.8882521489971347
43.894586894586894,0.8968481375358166
43.894586894586894,0.9025787965616046
43.894586894586894,0.8997134670487106
43.9059829059829,0.9140401146131805
43.9059829059829,0.9083094555873925
43.9059829059829,0.9054441260744985
43.9059829059829,0.9025787965616046
43.9059829059829,0.9111747851002865
43.9059829059829,0.8997134670487106
43.9059829059829,0.8911174785100286
43.9059829059829,0.8882521489971347
43.9059829059829,0.8968481375358166
43.9059829059829,0.8939828080229226
43.91737891737892,0.9111747851002865
43.91737891737892,0.9197707736389684
43.91737891737892,0.8968481375358166
43.91737891737892,0.9083094555873925
43.91737891737892,0.9025787965616046
43.91737891737892,0.8997134670487106
43.91737891737892,0.9054441260744985
43.91737891737892,0.9169054441260744
43.91737891737892,0.9140401146131805
43.92877492877493,0.9169054441260744
43.92877492877493,0.9226361031518625
43.92877492877493,0.9140401146131805
43.92877492877493,0.9025787965616046
43.92877492877493,0.9111747851002865
43.92877492877493,0.9083094555873925
43.92877492877493,0.9054441260744985
43.92877492877493,0.9255014326647565
43.92877492877493,0.9197707736389684
43.940170940170944,0.9283667621776505
43.940170940170944,0.9255014326647565
43.940170940170944,0.9312320916905444
43.940170940170944,0.9226361031518625
43.940170940170944,0.9197707736389684
43.940170940170944,0.9083094555873925
43.940170940170944,0.9169054441260744
43.940170940170944,0.9111747851002865
43.940170940170944,0.9140401146131805
43.95156695156695,0.9197707736389684
43.95156695156695,0.9340974212034384
43.95156695156695,0.9369627507163324
43.95156695156695,0.9312320916905444
43.95156695156695,0.9140401146131805
43.95156695156695,0.9283667621776505
43.95156695156695,0.9255014326647565
43.95156695156695,0.9226361031518625
43.95156695156695,0.9169054441260744
43.96296296296296,0.9283667621776505
43.96296296296296,0.9369627507163324
43.96296296296296,0.9398280802292264
43.96296296296296,0.9312320916905444
43.96296296296296,0.9255014326647565
43.96296296296296,0.9197707736389684
43.96296296296296,0.9340974212034384
43.96296296296296,0.9226361031518625
43.97435897435898,0.9426934097421203
43.97435897435898,0.9398280802292264
43.97435897435898,0.9455587392550143
43.97435897435898,0.9369627507163324
43.97435897435898,0.9340974212034384
43.97435897435898,0.9255014326647565
43.97435897435898,0.9312320916905444
43.97435897435898,0.9283667621776505
43.98575498575499,0.9426934097421203
43.98575498575499,0.9340974212034384
43.98575498575499,0.9369627507163324
43.98575498575499,0.9398280802292264
43.98575498575499,0.9312320916905444
43.98575498575499,0.9455587392550143
43.98575498575499,0.9484240687679083
43.997150997150996,0.9455587392550143
43.997150997150996,0.9369627507163324
43.997150997150996,0.9426934097421203
43.997150997150996,0.9398280802292264
43.997150997150996,0.9541547277936963
43.997150997150996,0.9512893982808023
43.997150997150996,0.9484240687679083
44.00854700854701,0.9512893982808023
44.00854700854701,0.9541547277936963
44.00854700854701,0.9484240687679083
44.00854700854701,0.9398280802292264
44.00854700854701,0.9426934097421203
44.00854700854701,0.9455587392550143
44.00854700854701,0.9570200573065902
44.01994301994302,0.9484240687679083
44.01994301994302,0.9570200573065902
44.01994301994302,0.9541547277936963
44.01994301994302,0.9455587392550143
44.01994301994302,0.9512893982808023
44.01994301994302,0.9598853868194842
44.03133903133903,0.9541547277936963
44.03133903133903,0.9512893982808023
44.03133903133903,0.9598853868194842
44.03133903133903,0.9570200573065902
44.03133903133903,0.9484240687679083
44.03133903133903,0.9627507163323782
44.042735042735046,0.9598853868194842
44.042735042735046,0.9512893982808023
44.042735042735046,0.9570200573065902
44.042735042735046,0.9541547277936963
44.042735042735046,0.9656160458452722
44.042735042735046,0.9627507163323782
44.054131054131055,0.9684813753581661
44.054131054131055,0.9656160458452722
44.054131054131055,0.9598853868194842
44.054131054131055,0.9627507163323782
44.054131054131055,0.9570200573065902
44.065527065527064,0.9713467048710601
44.065527065527064,0.9684813753581661
44.065527065527064,0.9598853868194842
44.065527065527064,0.9627507163323782
44.065527065527064,0.9656160458452722
44.07692307692308,0.9742120343839542
44.07692307692308,0.9627507163323782
44.07692307692308,0.9684813753581661
44.07692307692308,0.9656160458452722
44.07692307692308,0.9713467048710601
44.08831908831909,0.9770773638968482
44.08831908831909,0.9656160458452722
44.08831908831909,0.9713467048710601
44.08831908831909,0.9742120343839542
44.08831908831909,0.9684813753581661
44.0997150997151,0.9799426934097422
44.0997150997151,0.9684813753581661
44.0997150997151,0.9770773638968482
44.0997150997151,0.9742120343839542
44.0997150997151,0.9713467048710601
44.111111111111114,0.9799426934097422
44.111111111111114,0.9770773638968482
44.111111111111114,0.9684813753581661
44.111111111111114,0.9742120343839542
44.111111111111114,0.9713467048710601
44.12250712250712,0.9828080229226361
44.12250712250712,0.9713467048710601
44.12250712250712,0.9770773638968482
44.12250712250712,0.9742120343839542
44.12250712250712,0.9799426934097422
44.13390313390313,0.9770773638968482
44.13390313390313,0.9742120343839542
44.13390313390313,0.9828080229226361
44.13390313390313,0.9799426934097422
44.14529914529915,0.9856733524355301
44.14529914529915,0.9828080229226361
44.14529914529915,0.9742120343839542
44.14529914529915,0.9770773638968482
44.14529914529915,0.9799426934097422
44.15669515669516,0.9828080229226361
44.15669515669516,0.9856733524355301
44.15669515669516,0.9799426934097422
44.15669515669516,0.9770773638968482
44.168091168091166,0.9828080229226361
44.168091168091166,0.9799426934097422
44.168091168091166,0.9885386819484241
44.168091168091166,0.9856733524355301
44.17948717948718,0.9828080229226361
44.17948717948718,0.9885386819484241
44.17948717948718,0.9799426934097422
44.17948717948718,0.9856733524355301
44.19088319088319,0.9914040114613181
44.19088319088319,0.9828080229226361
44.19088319088319,0.9885386819484241
44.19088319088319,0.9856733524355301
44.2022792022792,0.9856733524355301
44.2022792022792,0.9828080229226361
44.2022792022792,0.9914040114613181
44.2022792022792,0.9885386819484241
44.21367521367522,0.9856733524355301
44.21367521367522,0.9914040114613181
44.21367521367522,0.9828080229226361
44.21367521367522,0.9885386819484241
44.225071225071225,0.9856733524355301
44.225071225071225,0.9914040114613181
44.225071225071225,0.994269340974212
44.225071225071225,0.9885386819484241
44.236467236467234,0.9914040114613181
44.236467236467234,0.9856733524355301
44.236467236467234,0.994269340974212
44.236467236467234,0.9885386819484241
44.24786324786325,0.9856733524355301
44.24786324786325,0.9914040114613181
44.24786324786325,0.9885386819484241
44.24786324786325,0.994269340974212
44.25925925925926,0.9914040114613181
44.25925925925926,0.994269340974212
44.25925925925926,0.9885386819484241
44.25925925925926,0.9856733524355301
44.27065527065527,0.9885386819484241
44.27065527065527,0.994269340974212
44.27065527065527,0.997134670487106
44.27065527065527,0.9914040114613181
44.282051282051285,0.9885386819484241
44.282051282051285,0.9914040114613181
44.282051282051285,0.994269340974212
44.282051282051285,0.997134670487106
44.293447293447294,0.9885386819484241
44.293447293447294,0.997134670487106
44.293447293447294,0.994269340974212
44.293447293447294,0.9914040114613181
44.3048433048433,0.9885386819484241
44.3048433048433,0.994269340974212
44.3048433048433,0.997134670487106
44.3048433048433,0.9914040114613181
44.31623931623932,0.9914040114613181
44.31623931623932,0.9885386819484241
44.31623931623932,0.997134670487106
44.31623931623932,0.994269340974212
44.32763532763533,0.997134670487106
44.32763532763533,0.994269340974212
44.32763532763533,0.9914040114613181
44.33903133903134,0.9914040114613181
44.33903133903134,0.997134670487106
44.33903133903134,0.994269340974212
44.35042735042735,0.9914040114613181
44.35042735042735,0.997134670487106
44.35042735042735,0.994269340974212
44.36182336182336,0.994269340974212
44.36182336182336,0.997134670487106
44.36182336182336,1.0
44.36182336182336,0.9914040114613181
44.37321937321937,1.0
44.37321937321937,0.994269340974212
44.37321937321937,0.9914040114613181
44.37321937321937,0.997134670487106
44.38461538461539,0.997134670487106
44.38461538461539,1.0
44.38461538461539,0.994269340974212
44.38461538461539,0.9914040114613181
44.396011396011396,1.0
44.396011396011396,0.994269340974212
44.396011396011396,0.9914040114613181
44.396011396011396,0.997134670487106
44.407407407407405,0.9914040114613181
44.407407407407405,0.997134670487106
44.407407407407405,0.994269340974212
44.407407407407405,1.0
44.41880341880342,1.0
44.41880341880342,0.9914040114613181
44.41880341880342,0.997134670487106
44.41880341880342,0.994269340974212
44.43019943019943,0.994269340974212
44.43019943019943,1.0
44.43019943019943,0.9914040114613181
44.43019943019943,0.997134670487106
44.44159544159544,0.997134670487106
44.44159544159544,1.0
44.44159544159544,0.994269340974212
44.44159544159544,0.9914040114613181
44.452991452991455,0.997134670487106
44.452991452991455,0.994269340974212
44.452991452991455,0.9914040114613181
44.452991452991455,1.0
44.464387464387464,0.994269340974212
44.464387464387464,0.9914040114613181
44.464387464387464,0.997134670487106
44.464387464387464,1.0
44.47578347578347,0.9914040114613181
44.47578347578347,0.997134670487106
44.47578347578347,1.0
44.47578347578347,0.994269340974212
44.48717948717949,0.994269340974212
44.48717948717949,0.997134670487106
44.48717948717949,1.0
44.48717948717949,0.9914040114613181
44.4985754985755,0.994269340974212
44.4985754985755,1.0
44.4985754985755,0.997134670487106
44.4985754985755,0.9914040114613181
44.50997150997151,0.997134670487106
44.50997150997151,0.994269340974212
44.50997150997151,0.9914040114613181
44.50997150997151,1.0
44.52136752136752,0.9914040114613181
44.52136752136752,1.0
44.52136752136752,0.994269340974212
44.52136752136752,0.997134670487106
44.53276353276353,1.0
44.53276353276353,0.994269340974212
44.53276353276353,0.997134670487106
44.54415954415954,1.0
44.54415954415954,0.994269340974212
44.54415954415954,0.997134670487106
44.55555555555556,1.0
44.55555555555556,0.994269340974212
44.55555555555556,0.997134670487106
44.566951566951566,0.994269340974212
44.566951566951566,0.997134670487106
44.566951566951566,1.0
44.578347578347575,0.997134670487106
44.578347578347575,1.0
44.578347578347575,0.994269340974212
44.58974358974359,0.997134670487106
44.58974358974359,1.0
44.58974358974359,0.994269340974212
44.6011396011396,0.994269340974212
44.6011396011396,0.997134670487106
44.6011396011396,1.0
44.61253561253561,1.0
44.61253561253561,0.994269340974212
44.61253561253561,0.997134670487106
44.623931623931625,0.994269340974212
44.623931623931625,1.0
44.623931623931625,0.997134670487106
44.635327635327634,0.994269340974212
44.635327635327634,1.0
44.635327635327634,0.997134670487106
44.64672364672364,1.0
44.64672364672364,0.997134670487106
44.64672364672364,0.994269340974212
44.65811965811966,0.997134670487106
44.65811965811966,0.994269340974212
44.65811965811966,1.0
44.66951566951567,0.997134670487106
44.66951566951567,0.994269340974212
44.66951566951567,1.0
44.68091168091168,1.0
44.68091168091168,0.997134670487106
44.68091168091168,0.994269340974212
44.69230769230769,0.997134670487106
44.69230769230769,0.994269340974212
44.69230769230769,1.0
44.7037037037037,0.994269340974212
44.7037037037037,1.0
44.7037037037037,0.997134670487106
44.71509971509971,0.994269340974212
44.71509971509971,1.0
44.71509971509971,0.997134670487106
44.72649572649573,1.0
44.72649572649573,0.997134670487106
44.72649572649573,0.994269340974212
44.73789173789174,0.997134670487106
44.73789173789174,1.0
44.73789173789174,0.994269340974212
44.74928774928775,1.0
44.74928774928775,0.994269340974212
44.74928774928775,0.997134670487106
44.76068376068376,0.994269340974212
44.76068376068376,1.0
44.76068376068376,0.997134670487106
44.77207977207977,0.994269340974212
44.77207977207977,1.0
44.77207977207977,0.997134670487106
44.78347578347579,1.0
44.78347578347579,0.997134670487106
44.78347578347579,0.994269340974212
44.794871794871796,0.997134670487106
44.794871794871796,0.994269340974212
44.794871794871796,1.0
44.806267806267805,0.997134670487106
44.806267806267805,1.0
44.806267806267805,0.994269340974212
44.81766381766382,0.997134670487106
44.81766381766382,1.0
44.81766381766382,0.994269340974212
44.82905982905983,1.0
44.82905982905983,0.997134670487106
44.82905982905983,0.994269340974212
44.84045584045584,1.0
44.84045584045584,0.997134670487106
44.84045584045584,0.994269340974212
44.851851851851855,1.0
44.851851851851855,0.997134670487106
44.851851851851855,0.994269340974212
44.863247863247864,0.994269340974212
44.863247863247864,1.0
44.863247863247864,0.997134670487106
44.87464387464387,0.994269340974212
44.87464387464387,0.997134670487106
44.87464387464387,1.0
44.88603988603989,0.994269340974212
44.88603988603989,1.0
44.88603988603989,0.997134670487106
44.8974358974359,0.994269340974212
44.8974358974359,0.997134670487106
44.8974358974359,1.0
44.90883190883191,0.994269340974212
44.90883190883191,0.997134670487106
44.90883190883191,1.0
44.92022792022792,0.997134670487106
44.92022792022792,0.994269340974212
44.92022792022792,1.0
44.93162393162393,0.997134670487106
44.93162393162393,0.994269340974212
44.93162393162393,1.0
44.94301994301994,1.0
44.94301994301994,0.994269340974212
44.94301994301994,0.997134670487106
44.95441595441596,0.994269340974212
44.95441595441596,0.997134670487106
44.95441595441596,1.0
44.965811965811966,0.994269340974212
44.965811965811966,1.0
44.965811965811966,0.997134670487106
44.977207977207975,0.994269340974212
44.977207977207975,1.0
44.977207977207975,0.997134670487106
44.98860398860399,0.997134670487106
44.98860398860399,1.0
44.98860398860399,0.994269340974212
45.0,0.994269340974212
45.0,1.0
45.0,0.997134670487106
